Opening,Plot,Tree.Number,Species,DBH,Height,FG/C/C,Core,FK/CK,DT/BT,Scar,Dmg.Primary,Dmg.Secondary,
154_75,1,1,Lw,20.1,12.7,1,1,,,,,,
154_75,1,2,Lw,16,12.7,1,1,,,,,,
154_75,1,3,Lw,17.6,11.9,1,1,FK3,,,,,
154_75,1,4,Lw,22,12.4,1,1,,,,,,
154_75,1,5,Lw,12.5,10.5,1,,,,,,,
154_75,1,6,Lw,4.5,4.7,3,,,DT,,,,
154_75,2,1,Lw,16.1,10.8,2,1,,,,,,
154_75,2,2,Lw,15.8,11.7,2,1,,,1,,,
154_75,2,3,Lw,17.3,12.7,2,1,,,,,,
154_75,2,4,Lw,16.7,11.8,2,1,,,,,,
154_75,3,1,Lw,15.8,10.9,2,1,,,,,,
154_75,3,2,Lw,14.9,11.4,2,1,,,,,,
154_75,3,3,Lw,17.1,11.9,2,1,3,,,twin leader,,
154_75,3,4,Lw,16.3,10.6,2,1,,,,,,
154_75,3,5,Lw,15.4,11.6,2,1,,,,,,
154_75,3,6,Ac,9.8,10.1,2,,,,,,,
154_75,3,7,Ac,4.9,4,4,,,,,,,
154_75,3,8,Ac,6.5,8.3,3,,2,,,,,
154_75,3,9,Ac,4.5,6.4,3,,,,1,,,
154_75,3,10,Ac,6.9,6.2,3,,,,1,,,
154_75,3,11,Bl,6.2,4.9,3,,,,,,,
154_75,4,1,Lw ,16.7,8.6,2,1,,,,,,
154_75,4,2,Lw,19.6,9.1,2,1,3,,,,,
154_75,4,3,Lw,16.2,10.8,2,1,,,,,,
154_75,4,4,Lw,19.1,11.1,2,1,,,,,,
154_75,5,1,Pl,16.2,8.3,2,1,3,,,,,
154_75,5,2,Lw,11.4,8.6,2,1,,,,CAD,,
154_75,5,3,Lw,13.7,6.4,3,,7,,,,,
154_75,5,4,Sx,8.2,3,4,,7,,,,,
154_75,5,5,Ls,16.7,7.5,2,,7,,,,,
154_75,5,6,Ac,5.5,5.5,3,,,,,,,
154_75,5,7,Bl,10.5,6.4,,,,,,,,
154_75,6,1,Pl,13.2,7,2,1,3,,,,,
154_75,6,2,Lw,14.6,7.8,2,1,,,,,,
154_75,6,3,Lw,5,4.2,3,,1,,,,,
154_75,6,4,Lw,4.2,4,3,,1,,,,,
154_75,6,5,At,4.6,6.1,3,,,,,,,
154_75,7,1,Lw,18.1,9.3,2,,,,,,,
154_75,7,2,Lw,8.2,5,3,,,3,,frost,,
154_75,7,3,Lw,8.8,6.5,3,,1,,,AH,,
154_75,7,4,Lw,19.2,11.6,1,1,,,,,,
154_75,7,5,Sx,6.3,4.1,3,,,,,,,
609_151,1,1,Ls,17.6,11.9,2,,,,,,,
609_151,1,2,Ls,16.1,10.5,2,,,,,,,
609_151,1,3,Ls,19.3,12.8,1,,,,,,,
609_151,1,4,Bl,8.5,8.1,3,,,,,,,
609_151,1,5,Bl,7.4,7.3,3,,,,,,,
609_151,1,6,Ls,12.8,8.7,3,,,,,,,
609_151,1,7,Ls,16.4,11.1,2,,,,,,,
609_151,1,8,Pl,19.8,11.2,2,1,,,,,,
609_151,1,9,Pl,17.7,11,2,1,3,,,IBM Green DSG,,
609_151,2,1,Ls,17,10.4,1,,,,,,,
609_151,2,2,Ls,17,10.9,1,,,,,,,
609_151,2,3,Ls,14.3,10.2,1,,,,,,,
609_151,2,4,Pl,7.5,9.5,2,1,,,,,,
609_151,2,5,Pl,10.8,10.9,1,1,,,,,,
609_151,2,6,Pl,13.3,8.5,2,1,,,,,,
609_151,2,7,Pl,11.3,8.7,2,1,,,,,,
609_151,2,8,Pw,5.7,4.2,4,,,,,,,
609_151,2,9,Pl,8.7,8.3,2,1,,,,,,
609_151,2,10,Pl,11.7,8.9,2,1,,,,,,
609_151,2,11,Ls,15.5,11.6,1,,,,,,,
609_151,2,12,Pl,11.7,8.5,2,,3,,,,,
609_151,3,1,Ls,17.5,10.9,1,,,,,,,
609_151,3,2,Pl,6.7,6,4,,,,,EST,Ht,
609_151,3,3,Lw,10.6,9.2,3,,3,,,,,
609_151,3,4,Pl,12.1,9.7,2,1,,,,,,
609_151,3,5,Pl,10.6,10,2,1,,,,,,
609_151,3,6,Pl,8.6,8.8,3,,,,,,,
609_151,3,7,Ls,19.2,13.9,1,,,,,,,
609_151,3,8,Pw,7.2,6.1,4,,,,,,,
609_151,3,9,Pl,11.1,9.4,2,1,,,,,,
609_151,3,10,Pl,10.1,8.9,2,,3,,,,,
609_151,3,11,Pl,16.3,9.7,2,1,,,,DSS,,
609_151,3,12,Pl,15.8,9.9,2,1,,,,,,
609_151,3,13,Pl,12,8.9,2,1,,,,DSG,,
609_151,3,14,Pw,4.7,3.6,4,,,,,,,
609_151,4,1,Lw,13.8,11,1,1,,,,,,
609_151,4,2,Pl,14.8,9.1,2,1,,,,DSS,IBM Green,
609_151,4,3,Pl,16.4,11.9,1,1,,,,,,
609_151,5,1,Sx,4.8,4,4,,,,,,,
609_151,5,2,Lw,12.5,11,2,1,,,,,,
609_151,5,3,Bl,12.1,8.3,3,,,,,,,
609_151,5,4,Lw,12.7,11,2,1,,,,,,
609_151,5,5,Lw,10.4,9.8,2,1,,,,,,
609_151,5,6,Sx,4.8,4.5,4,,,,,,,
609_151,6,1,Lw,14.5,12.5,1,1,,,,,,
609_151,6,2,Bl,5.2,3.2,4,,,,,,,
609_151,6,3,Lw,12.3,11,2,1,,,,,,
609_151,6,4,Bl,4.3,3.6,4,,,,,,,
609_151,6,5,Bl,5.7,4.3,4,,,,,,,
609_151,6,6,Lw,11.1,9.8,2,,,,,,,
609_151,7,1,Pw,8.8,4.9,4,,,,,,,
609_151,7,2,Lw,13.6,11.2,2,1,,,,,,
609_151,7,3,Fd,5.2,4.2,4,,,,,,,
609_151,7,4,Lw,13.7,8.6,2,1,,,,,,
609_151,8,1,Lw,13,9.3,2,1,,,,,,
609_151,8,2,Bl,11.8,7.8,3,,,,,,,
609_151,8,3,Lw,12.5,10.2,2,1,,,,,,
609_151,8,4,Lw,8.8,8.1,3,,1,,,,,
609_151,8,5,Lw,11.6,9.9,2,1,1,,,ok,,
609_151,9,1,Lw,13,10.5,2,1,,,,,,
609_151,9,2,Bl,5.9,5.3,3,,,,,,,
609_151,9,3,Lw,15.1,10.4,2,1,,,,,,
609_151,9,4,Bl,7.1,6.2,3,,,,,,,
609_151,9,5,Lw,9.1,8.3,3,,,,,,,
609_151,9,6,Lw,11.4,10.7,2,1,,,,,,
609_151,10,1,Lw,14.5,10.6,2,1,,,,,,
609_151,10,2,Lw,7.5,7.5,3,,,,,,,
609_151,10,3,Pl,13,10.3,2,1,,,,,,
609_151,10,4,Pl,13.8,9.9,2,1,,,,,,
609_151,10,5,Lw,15,10.5,2,1,,,,,,
609_151,10,6,Bl,6.5,4.9,3,,,,,,,
609_151,11,1,Lw,14.7,10.9,2,1,,,,,,
609_151,11,2,Pl,15.2,10,2,1,,,,,,
609_151,11,3,Lw,7.9,7.3,3,,,,,,,
609_151,11,4,Lw,14.4,10.5,2,1,,,,,,
609_151,11,5,Sx,7.5,5.2,3,1,,,,,,
609_151,11,6,Sx,5.2,4.5,4,1,,,,,,
609_151,11,7,Pl,17.5,11.8,2,1,,,,,,
835_063,1,1,Pl,15.9,10.6,2,1,,,,,,
835_063,1,2,Ls,12.5,8.7,2,,,,,,,
835_063,1,3,Ls,15,10.6,2,,,,,,,
835_063,1,4,Pl,13.1,10.9,2,1,,,,,,
835_063,1,5,Ls,14.8,10.8,2,,,,,,,
835_063,1,6,Ls,12.8,9.8,2,,,,,,,
835_063,1,7,Ls,9.8,8.9,2,,,3,,,,
835_063,1,8,Pl,15.5,11.1,2,1,,,1,DSS,,
835_063,1,9,Pl,7.9,8.1,3,,,,,,,
835_063,1,10,Pl,13.8,9.8,2,1,,,,,,
835_063,1,11,Sx,12.1,8.7,3,,,,,,,
835_063,1,12,Pl,8.4,8.7,2,1,,,,,,
835_063,2,1,Lw,14.8,11.1,2,1,,,,,,
835_063,2,2,Pl,14.6,6.9,3,,,,,,,
835_063,2,3,Pl,13.4,9.5,2,1,,,,,,
835_063,2,4,Lw,15.7,11.4,1,1,ck 1,,1,,,
835_063,2,5,Ls,13.3,9.5,2,,,,,,,
835_063,2,6,Ls,18.5,11.5,1,,,,,,,
835_063,2,7,Bl,8.1,8.2,3,,,,,,,
835_063,2,8,Pl,10.9,10,3,,,,,,,
835_063,2,9,Pl,12.2,11.2,2,1,,,,,,
835_063,2,10,Lw,12.5,9.8,2,1,,,,,,
835_063,2,11,Lw,17.5,12.7,1,1,,,,,,
835_063,2,12,Bl,7.2,6.4,3,,,,,,,
835_063,2,13,Sx,5.9,5.4,4,,,,,,,
835_063,2,14,Lw,14.8,11.9,1,1,,,,,,
835_063,3,1,Lw,12.6,11,2,1,,,,,,
835_063,3,2,Pl,7,9.2,3,,,,,,,
835_063,3,3,Pl,10.4,9.6,2,1,,,1,DSS,,
835_063,3,4,Pl,10.8,10.4,2,1,,,1,DSG,,
835_063,3,5,Bl,4.1,4.2,4,,,,,,,
835_063,3,6,Ls,19,13,1,,,,,,,
835_063,3,7,Pl,9.5,9.5,3,,,,,,,
835_063,3,8,Ls,16,11.1,2,,,,,,,
835_063,3,9,Ls,16.5,10.7,2,,3,,,twin header,,
835_063,3,10,Pl,7.7,9.3,3,,,,,,,
835_063,3,11,Pl,9.1,8.9,3,,,,1,DSS,,
835_063,3,12,Pl,10.1,10.6,2,,,,,,,
835_063,3,13,Pl,11.7,10,2,1,,,1,DSS,,
835_063,3,14,Pl,7.2,7.5,3,,,,,,,
835_063,3,15,Ls,8.3,10,2,,,,,,,
835_063,3,16,Pl,12,11.6,1,1,,,,,,
835_063,3,17,Pl,8.1,8.1,3,,,,1,DSS,,
835_063,3,18,Ls,14.8,11.5,2,,,,,,,
835_063,4,1,Bl,13.2,9.3,2,,,,,,,
835_063,4,2,Bl,7.3,6.5,3,,,,,,,
835_063,4,3,Bl,5.6,4.8,3,,,,,,,
835_063,4,4,Lw,11.9,10.4,2,1,,,,,,
835_063,4,5,Pl,15.6,9.7,2,1,,,,,,
835_063,4,6,Lw,4.2,6,3,,,,,,,
835_063,4,7,Bl,4.5,5,4,,,,,,,
835_063,4,8,Bl,7.4,6.6,3,,,,,,,
835_063,4,9,Ls,16.3,12.5,1,,3,,,twin leader,,
835_063,4,10,Sx,6.1,6,3,,,,,,,
835_063,4,11,Lw,7.3,6.3,3,,,,,,,
835_063,4,12,Bl,4,3.4,4,,,,,,,
835_063,4,13,Bl,4.1,4.3,4,,,,,,,
835_063,4,14,Bl,4.8,4.8,4,,,,,,,
835_063,4,15,Bl,4.2,3,4,,,,,,,
835_063,4,16,Bl,6.1,7.1,3,,,,,,,
835_063,4,17,Pl,14.8,11.4,2,1,,,,,,
835_063,4,18,Pl,14.5,12.5,1,1,,,,DSS,,
835_063,4,19,Lw,7.3,7.2,3,,,,,,,
835_063,4,20,Bl,7.8,7.9,3,,,,,,,
835_063,4,21,Bl,4.9,5.3,4,,,,,,,
835_063,4,22,Ls,7.8,8.4,3,,,,,,,
835_063,4,23,Pl,16.2,12.4,1,1,,,1,DSG,,
835_063,5,1,Ls,20.5,13.8,1,,,,,,,
835_063,5,2,Ls,13.7,11.9,2,,,,,,,
835_063,5,3,Ls,22.7,15.8,1,,,,,,,
835_063,5,4,Bl,9.4,7.1,3,,,,,,,
835_063,5,5,Pl,12.5,11.6,2,1,,,,,,
835_063,5,6,Ls,15.5,12.4,2,,,,,,,
835_063,5,7,Bl,10.1,7.9,3,,,,,,,
835_063,5,8,Pl,14,11.1,2,1,5,,,,,
835_063,5,9,Ls,14,11.5,2,,,,,,,
835_063,5,10,Ls,15.5,12.2,2,,,,,,,
835_063,5,11,Pl,9.9,9.5,3,,,,,,,
835_063,5,12,Pl,10.8,11.1,2,1,,,,,,
835_063,5,13,Pl,14,11.5,2,1,,,,,,
835_063,5,14,Pl,5,8.4,3,,,,,,,
835_063,5,15,Ls,9.5,9,3,,,,,,,
835_063,6,1,Lw,9.8,10.4,2,1,,,,,,
835_063,6,2,Lw,12,12.4,2,1,,,,,,
835_063,6,3,Bl,10.8,8.4,3,,,,,,,
835_063,6,4,Bl,5,4.5,4,,,,,,,
835_063,6,5,Bl,9,8.4,3,,,,,,,
835_063,6,6,Lw,12,11.8,2,1,,,,,,
835_063,6,7,Bl,5.9,5.1,4,,,,,,,
835_063,6,8,Lw,12.4,12.7,2,1,,,,,,
835_063,6,9,Lw,12.2,11.4,2,1,,,,,,
835_063,6,10,Bl,7.2,6.5,3,,,,,,,
835_063,6,11,Lw,7.7,9.7,3,,,,,,,
835_063,6,12,Bl,7.1,5.7,4,,,,,,,
835_063,6,13,Sx,7.2,4.6,4,,,,,,,
835_063,6,14,Lw,9.4,9.2,3,,,,,,,
835_063,6,15,Lw,10,10.5,2,1,,,,,,
835_063,6,16,Bl,14.5,10.2,2,,,,,,,
835_063,7,1,Pl,10.6,8.9,3,,,,,,,
835_063,7,2,Pl,10.4,9.5,2,1,,,,,,
835_063,7,3,Pl,11.8,9.9,2,1,,,,,,
835_063,7,4,Lw,20.6,13.7,1,1,,,,,,
835_063,7,5,Lw,15.7,11.6,2,1,,,,,,
835_063,7,6,Lw,15.5,10.7,2,1,,,,,,
835_063,7,7,Lw,15.7,11.9,2,1,,,,,,
835_063,7,8,Lw,19.3,12.9,2,1,,,,,,
835_063,7,9,Pl,6.4,5.4,1,,3,,,,,
835_063,7,10,Lw,14.5,10.9,2,1,,,,,,
835_063,8,1,Sx,12.5,8.9,2,,,,,,,
835_063,8,2,Lw,10.7,10.2,2,1,,,,,,
835_063,8,3,Pl,15.2,11.2,2,1,,,,,,
835_063,8,4,At,4.6,7,4,,3,,,,EST Ht,
835_063,8,5,Lw,11.7,9.5,2,1,,,,,,
835_063,8,6,Pl,13.2,8.9,3,,,,,,,
835_063,8,7,Lw,11,9.9,,1,,,,,,
292_067,1,1,Pl,12.8,10.6,2,1,,,,,,
292_067,1,2,Lw,14.8,12.5,1,1,,,,,,
292_067,1,3,Lw,16.9,12.3,2,1,,,,,,
292_067,1,4,Pl,5.9,8,3,,,,,,,
292_067,1,5,Lw,6.8,7.4,3,,,,,,,
292_067,1,6,Sx,4.4,4.3,4,,,,,,,
292_067,1,7,Lw,12,11.1,2,1,,,,,,
292_067,1,8,Lw,15.1,12.1,1,1,,,,,,
292_067,1,9,Bl,9.4,8.4,3,,,,,,,
292_067,1,10,Lw,11.8,10.5,2,1,,,,,,
292_067,1,11,Pl,7.9,8.5,3,,,,,,,
292_067,1,12,Pl,9.8,9.9,2,1,,,,,,
292_067,1,13,Lw,14.4,10.8,2,1,,,,,,
292_067,1,14,Pl,7,8.5,3,,,,,,,
292_067,1,15,Pl,4.4,6.7,4,,,,,DSS,,
292_067,1,16,Pl,9.4,9.5,2,1,2,,,spike,,
292_067,1,17,Pl,7.5,8.6,3,,,,,,,
292_067,1,18,Lw,8.9,9,3,,,,,,,
292_067,2,1,Pl,4.5,6,4,1,,,,lean ,est ht ,
292_067,2,2,Lw,8.7,9.6,2,,,,,,,
292_067,2,3,Pl,6.7,9.5,2,,,,,,,
292_067,2,4,Pl,5,8.5,3,,,,,,,
292_067,2,5,Pl,7.1,7.9,3,,3,,,,,
292_067,2,6,Pl,4.5,6.5,3,,,,,DSG,,
292_067,2,7,Bl,4.3,4.3,4,,,,,,,
292_067,2,8,Pl,6.9,8.2,3,,,,,,,
292_067,2,9,Pl,5.7,8.5,3,,,,,,,
292_067,2,10,Pl,4.2,7.4,3,,3,,,,,
292_067,2,11,Lw,11.7,9.4,2,1,,,,,,
292_067,2,12,Pl,5.4,2.8,4,,2,,,DSG,,
292_067,2,13,Pl,6.3,8.3,3,,,,,,,
292_067,2,14,Pl,7.3,9.9,2,,,,,,,
292_067,2,15,Pl,5.7,7.5,3,,,,,,,
292_067,2,16,Pl,6.6,9.3,2,,,,,,,
292_067,2,17,Pl,7.8,9.2,2,1,,,,,,
292_067,2,18,Lw,11.8,10.9,2,1,,,,,,
292_067,2,19,Pl,7.5,7.8,3,,,,,,,
292_067,2,20,Pl,8.1,8.7,2,1,,,,,,
292_067,2,21,Lw,11.3,10.5,2,1,,,,,,
292_067,2,22,Pl,5.5,8.2,3,,,,,,,
292_067,2,23,Pl,6.5,9.2,2,,,,,DSS,DSG,
292_067,2,24,Pl,5,7.7,3,,,,,,DSG,
292_067,2,25,Pl,8,9.9,2,1,,,,,,
292_067,2,26,Pl,9.4,8.8,2,,ck3,,,,,
292_067,2,27,Lw,12,10.7,1,1,,,,,,
292_067,2,28,Pl,10.7,9.4,2,1,,,,,,
292_067,2,29,Lw,12.2,9.2,2,1,ck3,,,,,
292_067,2,30,Pl,9.3,9.3,2,1,,,,,,
292_067,3,1,Ls,9.8,8.1,2,1,,,,,,
292_067,3,2,Pl,8.1,9.3,2,1,,,,,,
292_067,3,3,Pl,7.6,9.4,2,1,,,,,,
292_067,3,4,Lw,12.7,11.8,1,1,,,,,,
292_067,3,5,Lw,13.4,11.1,1,1,,,,,,
292_067,3,6,Pl,12.2,8.9,2,,3,,,,,
292_067,3,7,Pl,10.6,10,2,1,,,,AB,,
292_067,3,8,Pl,9.5,9.4,2,1,,,,,,
292_067,3,9,Lw,5.8,7.5,3,,,,,,,
292_067,3,10,Lw,6.8,8.4,3,,,,,,,
292_067,3,11,Pl,12.6,9.7,2,1,,,,,,
292_067,3,12,Pl,8.2,9.5,2,1,,,,,,
292_067,3,13,Lw,5,5.1,4,,,3,,,,
292_067,3,14,Pl,11,10,2,1,,,,,,
292_067,3,15,Pl,7.2,7.5,3,,2,,,,,
292_067,3,16,Pl,7,6.8,3,,2,,,,,
292_067,3,17,Lw,12.8,10.9,2,1,,,,,,
292_067,3,18,Pl,7.7,8.5,3,,,,,,,
292_067,3,19,Bl,7,7.5,3,,,,,,,
292_067,3,20,Bl,10,8.9,2,1,,,,,,
292_067,3,21,Pl,4,6.8,3,,,,1,DSG,,
292_067,3,22,Pl,9,9.8,2,1,,,,,,
292_067,3,23,Lw,4.7,4.8,4,1,,,,,,
292_067,3,24,Bl,8.4,10.8,2,1,,,,,,
292_067,3,25,Pl,10.1,10.6,2,1,,,,,,
292_067,4,1,Lw,12.2,9.6,2,1,,,,,,
292_067,4,2,Pl,8.2,8.8,2,1,,,,,,
292_067,4,3,Pl,9.4,8.9,2,1,,,,,,
292_067,4,4,Pl,11.5,8.6,2,1,,,,,,
292_067,4,5,Lw,15.6,9.9,1,1,,,,,,
292_067,4,6,Pl,6.4,7,4,,,,,est hgt ,,
292_067,4,7,Lw,11.2,9.8,1,1,,,,,,
292_067,4,8,Lw,12.7,10.2,1,1,,,,,,
292_067,4,9,Pl,14.7,10.5,1,1,,,,,,
292_067,4,10,Pl,4.2,6.2,4,,,3,,DSG,,
292_067,4,11,Bl,9.8,9.2,2,,,,,,,
292_067,4,12,Lw,13.2,10.1,2,1,,,,,,
411_1A,1,1,Pl,14.1,11.5,2,1,1,,,,OK,
411_1A,1,2,Pl,14.5,12.4,2,1,,,,,,
411_1A,1,3,Pl,11.7,11.8,2,1,,,,DSS,DSG,
411_1A,1,4,Lw,13.7,13.5,2,1,,,,,,
411_1A,1,5,Sx,4.4,4.3,4,,,,,,,
411_1A,1,6,Pl,16.3,11.1,2,,3,,,,,
411_1A,1,7,Lw,16.5,14.3,1,1,1,,,,,
411_1A,1,8,Pl,15,12.1,2,,4,,,,,
411_1A,1,9,Lw,11,13,1,1,,,,,DSG,
411_1A,1,10,Pl,5.6,8.2,3,,,,,,,
411_1A,2,1,Pl,14.2,12.5,1,1,,,,IBM green,,
411_1A,2,2,Py,6,7.4,3,,,,,,,
411_1A,2,3,Pl,17.5,12.2,2,,2,,,DSG,,
411_1A,2,4,Pl,17.1,12.5,1,1,2,,,,OK,
411_1A,2,5,Fd,4.8,4.4,4,,,,,,,
411_1A,2,6,Pl,13.7,12.4,2,1,,,,,,
411_1A,2,7,Pl,10.7,11.6,2,,3,,,,OK,
411_1A,2,8,Py,8.9,10.5,2,1,3,,,,OK,
411_1A,2,9,Bl,6.5,6.4,4,,,,,,,
411_1A,2,10,Pl,12.5,10.9,2,1,,,,,,
411_1A,2,11,Bl,5.8,7.2,3,,,,,,,
411_1A,2,12,Pl,10.9,11.7,2,,,,,,,
411_1A,3,1,Pl,17.7,12,2,,3,,,,DSG,
411_1A,3,2,Pl,10.2,11.6,2,1,,,,DSG,,
411_1A,3,3,Py,13,11.4,2,1,,,,,,
411_1A,3,4,Pl,16,10.6,2,,2,,,DSG,,
411_1A,3,5,Pl,14.5,14.5,1,,5,,,,,
411_1A,3,6,Pl,16.2,12.7,2,1,3,,,Double leader,,
411_1A,3,7,Py,10,9.5,3,,,,,,,
411_1A,3,8,Pl,16.1,12.9,2,1,1,,,DSG,,
411_1A,3,9,Pl,15.5,12.6,2,1,,,,Double leader,,
411_1A,4,1,Py,15,11.5,2,1,,,,,,
411_1A,4,2,Py,14.3,11.8,2,1,,,1,IMB - old,,
411_1A,4,3,Py,12.8,9.8,2,1,,,,,,
411_1A,4,4,Pl,12.5,11.2,2,,6,,,DSG,,
411_1A,4,5,Py,8,7.2,3,,,,,DSG,,
411_1A,4,6,Pl,16.5,11.8,1,1,,,,,,
411_1A,4,7,Py,6.7,7.5,3,,,,,,,
411_1A,4,8,Pl,10.5,10.9,2,1,,,1,,,
411_1A,4,9,Py,8.7,6.7,4,,,,,,,
411_1A,4,10,Pl,11.4,11.5,2,1,,,,DSG,,
411_1A,4,11,Py,14,10,2,1,,,,,,
411_1A,4,12,Py,14.2,10.7,2,1,,,,,,
411_1A,5,1,Py,14.9,10.8,2,1,,,,,,
411_1A,5,2,Pl,14.7,10.7,2,,3,,,,DSG,
411_1A,5,3,Py,9.8,10.4,2,1,,,,,,
411_1A,5,4,Pl,12.7,12.4,1,1,,,,,,
411_1A,5,5,Pl,13.4,12.4,1,1,,,,,DSG,
411_1A,5,6,Py,9.8,8.4,3,,,,,,,
411_1A,5,7,Pl,13.3,12.8,2,,,,,,,
411_1A,5,8,Py,14.7,12.2,2,1,,,,,,
411_1A,5,9,Pl,10.4,11.9,2,,,,,,,
411_1A,5,10,Pl,13.6,12.1,2,,,,,,,
411_1A,5,11,Py,10.2,10.1,2,,2,,,,,
411_1A,5,12,Pl,14.1,11.1,2,,1,,,,,
411_1A,6,1,Py,9.5,10.7,3,,1,,,,,
411_1A,6,2,Pl,10.4,12.5,2,1,,,,,,
411_1A,6,3,At,8.8,15.5,1,,,,1,,,
411_1A,6,4,Fd,4.9,4.3,4,,,,,,,
411_1A,6,5,Pl,14.7,13.1,1,,,,,,,
411_1A,6,6,Pl,13.8,12.6,1,,1,,,,,
411_1A,6,7,Py,10.5,11.5,2,1,3,,,,,
411_1A,6,8,Pl,13.3,11.5,2,,,,,,,
411_1A,6,9,At,11.5,13.5,1,,1,,,,,
411_1A,6,10,Pl,13.1,12.2,2,1,fk,,1,,,
411_1A,6,11,Pl,12.9,12.5,2,,,,,DSG,,
411_1A,6,12,Py,10,11.6,2,1,,,,,,
411_1A,6,13,Py,14.5,11.6,2,1,,,,DSA,,
411_1A,6,14,Pl,11.5,12.6,2,,,,,,,
411_1A,6,15,Fd,5.7,5.3,4,,,,,,,
411_1A,6,16,Fd,4,4.9,4,,,,,,,
411_1A,6,17,Py,12.4,11.9,2,1,,,,,,
411_1A,6,18,Fd,4.9,4.5,4,,,,,,,
411_1A,6,19,Pl,14.6,12,2,,,,,DSG,,
411_1A,7,1,Py,21.5,12.8,2,1,,,,DSG,,
411_1A,7,2,Pl,15,14.1,1,,fk 7 ,,,DSG,,
411_1A,7,3,Pl,12.6,13.7,2,1,,,,DSA,,
411_1A,7,4,Py,16.6,12.2,2,1,,,,DSG,,
411_1A,7,5,Pl,15.8,13.7,2,,fk 5,,,,,
411_1A,7,6,Py,13.7,11,2,,fk 3,,,,,
411_1A,7,7,Pl,12.4,14,2,1,,,,,,
411_1A,7,8,Py,18.7,13.4,2,1,fk 2,,,,OK,
411_1A,8,1,Py,15.4,13,1,1,,,,,,
411_1A,8,2,Py,14.5,10.2,2,1,ck 7,,,,,
411_1A,8,3,Pl,10.5,12.2,2,,ck 3,,,,,
411_1A,8,4,Pl,15.2,12,2,,ck 2,,,,DSA,
411_1A,8,5,Pl,11.6,9.8,3,,ck 2,,,,,
411_1A,8,6,Pl,15,14,1,1,,,,,,
411_1A,8,7,Py,17.8,12.8,2,1,ck 4,,,,OK,
411_1A,8,8,Pl,8.5,12.6,2,,,,,DSA,,
411_1A,8,9,Pl,14.6,13,2,1,,,,,,
411_1A,8,10,Py,20.1,11.5,2,1,,,,,,
411_1A,8,11,Py,9.7,10.1,3,,ck3,,,,,
411_1A,9,1,Pl,12.7,12.8,2,,3,,,,,
411_1A,9,2,Py,11.9,11.8,2,1,,,,,,
411_1A,9,3,Pl,12.1,11.4,2,,,,,DSG,DSS,
411_1A,9,4,Pl,15.6,13.9,1,1,,,,,,
411_1A,9,5,Py,8.6,10.4,3,,,,,,,
411_1A,9,6,Pl,15.4,12.2,2,,,,,DSG,DSA,
411_1A,9,7,Py,16.2,13.5,1,1,,,,,,
411_1A,9,8,Sx,4.9,4.9,4,,,,,,,
411_1A,9,9,Pl,17.6,12.9,2,1,,,,,,
411_1A,9,10,Py,12.2,12.6,2,1,,,,,,
411_1A,9,11,Pl,11.4,11.5,2,,,,,,,
411_1A,10,1,Lw,8.1,9.6,3,1,,,,,,
411_1A,10,2,Lw,9.6,12.3,2,1,,,,,,
411_1A,10,3,Lw,15,15.8,1,,,,,,,
411_1A,10,4,Pl,12.3,11.8,2,,,,,,,
411_1A,10,5,Pl,9.8,8.7,3,,3,,,DSA,,
411_1A,10,6,Sx,6.2,6.1,3,,,,,,,
411_1A,10,7,Pl,13.5,9.8,3,,3,,,,,
411_1A,10,8,Pl,15.8,13.5,2,1,,,,,,
411_1A,10,9,Sx,8,7.9,4,,,,,,,
411_1A,10,10,Lw,13.2,13,2,1,,,,,,
411_1A,10,11,Pl,13.7,13.8,2,1,1,,,DSG,,
411_1A,10,12,Lw,12,13.4,2,1,,,,,,
411_1A,10,13,Ep,4.2,6.3,4,,,,,,,
411_1A,11,1,Lw,12.2,14.1,2,1,,,,,,
411_1A,11,2,Pl,5.9,9.4,3,,,1,,,,
411_1A,11,3,Lw,11.4,13.4,2,1,,,,,,
411_1A,11,4,Pl,7.7,8.7,3,,,1,,,,
411_1A,11,5,Pl,8.8,9,4,,,,,,,
411_1A,11,6,Pl,14.2,14,2,1,,,,,,
411_1A,11,7,Pl,9.1,11.1,3,,2,,,,,
411_1A,11,8,Pl,10.5,5.3,4,,1,,,DSG,,
411_1A,11,9,Pl,11.3,10.4,3,,,,,,,
411_1A,11,10,Lw,10.7,11.9,2,1,,,,,,
411_1A,11,11,Lw,5.1,7.8,3,,,,,,,
411_1A,11,12,Pl,12.3,1.7,2,,,,,,,
411_1A,11,13,Lw,13.9,14.7,1,1,,,,,,
411_1A,11,14,Bl,10.9,11.3,2,,,,,,,
411_1A,12,1,Lw,14.5,12.3,2,1,,,,,,
411_1A,12,2,Pl,5.6,8.5,3,,,,,,,
411_1A,12,3,Sx,8.5,7.8,3,,,,,,,
411_1A,12,4,Lw,11.5,12.9,2,1,,,spike 1,,,
411_1A,12,5,Pl,20.1,12.3,2,1,,,,,,
411_1A,12,6,Pl,14.4,10.5,2,,1,,,,,
411_1A,13,1,Pl,8.8,4.4,4,,,2,,,,
411_1A,13,2,Pl,16.5,12.2,2,,,,,,,
411_1A,13,3,Pl,14,12.9,2,,,,,,,
411_1A,13,4,Lw,4,6.4,4,,,,,,,
411_1A,13,5,Pl,15.3,11.5,2,,,,,DSG,IBM,
411_1A,13,6,Sx,4.4,3.7,4,,,,,,,
411_1A,13,7,Lw,11,11.2,2,1,,,,,,
411_1A,13,8,Pl,13,11.1,2,,,,,,,
411_1A,13,9,Pl,11.2,9.8,3,,1,,,,,
411_1A,13,10,Lw,4.1,6.9,3,,,,,,,
411_1A,14,1,Lw,8.6,12,2,1,,,,,,
411_1A,14,2,Pl,15.3,12.9,2,,5,,,DSG,,
411_1A,14,3,Pl,11.1,10.9,2,,,,,,,
411_1A,14,4,Lw,4.7,7.8,3,,,,,,,
411_1A,14,5,Sx,8.9,8.1,3,,,,,,,
411_1A,14,6,Bl,8.2,8.7,3,,,,,,,
411_1A,14,7,Lw,13.4,15.3,1,1,,,,,,
411_1A,14,8,Pl,11.4,15.2,1,1,,,,,,
411_1A,14,9,Pl,11.3,11.4,2,,,,,,,
411_1A,14,10,Sx,5,5,4,,,,,,,
411_1A,15,1,Pl,12.4,11.3,2,,,,,,,
411_1A,15,2,Lw,13.8,13.9,1,1,,,,,,
411_1A,15,3,Pl,13.4,11.8,2,,5,,,,,
411_1A,15,4,Pl,8.7,10.8,2,,,,,DSG,,
411_1A,15,5,Pl,11.2,12.1,2,,,,,DSG,,
411_1A,15,6,Pl,12.7,12.8,1,1,3,,,DSS,Good,
411_1A,15,7,Pl,12.2,11.5,2,,3,,,DSG,,
411_1A,15,8,Sx,4.2,3.9,3,,,,,,,
411_1A,16,1,Lw,10.1,12.7,2,1,,,,,,
411_1A,16,2,Pl,15.4,14,2,,,,,DSG,,
411_1A,16,3,Pl,16.8,13.8,2,,,,,,,
411_1A,16,4,Lw,8.7,11.9,2,1,,,,,,
411_1A,16,5,Pl,11.8,12.3,2,,,,,,,
411_1A,16,6,Pl,13.5,12.4,2,,,,,,,
411_1A,16,7,Pl,9.8,11.2,2,,,,,DSG,,
411_1A,16,8,Pl,13.9,12.1,2,,,,,DSS,DSG,
411_1A,16,9,Pl,13.9,13.2,2,,,,,DSG,,
411_1A,16,10,Pl,12.9,11.9,2,,2,,,,,
411_1A,16,11,Pl,15,15,2,,,,,,,
411_1A,17,1,Pl,16.9,12.5,2,1,,,,,,
411_1A,17,2,Lw,12.9,13.5,2,1,,,,,,
411_1A,17,3,Pl,10.5,5.5,4,,,2,,DSG,,
411_1A,17,4,Sx,5.5,5.2,4,,,,,,,
411_1A,17,5,Sx,6.2,6.2,4,,,,,,,
411_1A,17,6,Pl,14.2,11.6,2,,2,,,,,
411_1A,17,7,Pl,16.8,12.4,1,,,,,,,
411_1A,17,8,Pl,14.1,12.2,2,1,,,,,,
409_03,1,1,Sx,21.4,9.8,2,,6,,,,,
409_03,1,2,Pl,27.2,13,2,1,3,,,big branch,,
409_03,1,3,Sx,18.8,12.5,2,1,,,,,ok,
409_03,1,4,Sx,17.4,13.6,2,,1,,,,,
409_03,1,5,Sx,6,10,3,,,,,,,
409_03,1,6,Fd,15.5,12.7,2,,,,,,,
409_03,1,7,Sx,16.5,12.5,2,1,,,,,,
409_03,1,8,Sx,4.8,6,3,,,,,,,
409_03,1,9,Sx,20,12.2,2,1,,,,,,
409_03,1,10,Sx,15.3,9.8,3,,,,,,,
409_03,1,11,Lw,29.3,16.9,1,1,,,,,,
409_03,1,12,Sx,6.7,6.7,4,,,,,,,
409_03,1,13,Sx,8.4,4.9,4,,,,,,,
409_03,1,14,Lw,24.5,15.4,1,1,,,,,,
409_03,1,15,Sx,4.1,3.8,4,,,,,,,
409_03,1,16,Sx,6.7,3.8,4,,,,,,,
409_03,1,17,Sx,8.7,7.5,4,,,,,,,
409_03,1,18,Sx,5,5.4,4,,,,,,,
409_03,2,1,Lw,20.5,15.8,1,1,,,,,,
409_03,2,2,Sx,13.8,11.3,2,1,,,,,,
409_03,2,3,Sx,11.1,9.4,3,,,,,,,
409_03,2,4,Sx,19.4,11.9,2,1,,,,,,
409_03,2,5,Lw,23,15.9,1,1,,,,,,
409_03,2,6,Sx,9.7,6.7,4,,,,,,,
409_03,3,1,Sx,22.5,10.7,2,1,,,,,,
409_03,3,2,Lw,26.5,15.2,1,1,,,,,,
409_03,3,3,Bl,13.1,8.5,3,,,,,,,
409_03,3,4,Lw,21.8,14.3,1,1,,,,,,
409_03,4,1,Sx,13.4,6.5,3,,3,,,IWP,Weevil,
409_03,4,2,Sx,15.7,7.7,3,,3,,,,,
409_03,4,3,At,14.7,13.2,2,1,,,,,,
409_03,4,4,Lw,21.8,16.4,1,1,,,,,,
409_03,4,5,Sx,8.9,7.9,3,,,,,,,
409_03,4,6,Sx,6.7,6.6,4,,,,,,,
409_03,4,7,Sx,22.5,12.3,2,1,1,,,,ok,
409_03,4,8,Sx,25,10.4,3,,,,,,,
409_03,4,9,Lw,19.7,15.9,1,1,,,,,,
409_03,4,10,Sx,6.7,8.2,4,,,,,,,
409_03,4,11,Sx,28.7,14.4,2,1,,,,,,
409_03,4,12,Sx,9.6,6.5,4,,,,,IWP,,
409_03,4,13,Sx,15.1,6,4,,,,,IWP,,
409_03,5,1,Sx,9.9,8.3,4,,,,,IWS,,
409_03,5,2,Lw,30.4,16.6,1,1,,,,,,
409_03,5,3,Lw,22.4,17.8,1,1,,,,,,
409_03,5,4,Sx,16.9,13.5,2,,1,,,,,
409_03,5,5,Sx,7.8,5.4,4,,,,,,,
409_03,5,6,Sx,13.4,12.7,3,,,,,,,
409_03,5,7,Pl,25.5,15.3,2,,2,,,,,
409_03,5,8,Lw,30.5,16.6,1,1,,,,,,
409_03,5,9,Sx,11,5.6,4,,2,,,,,
409_03,5,10,Sx,25,13.7,2,1,,,,,,
409_03,5,11,Sx,5.7,6,4,,,,,,,
409_03,5,12,Sx,16.7,11.7,3,,,,,,,
409_03,6,1,Sx,8.2,6.5,4,,,,,,,
409_03,6,2,Lw,32.5,20.2,1,1,,,,,,
409_03,6,3,Lw,12.5,12,3,,1,,,,,
409_03,6,4,Lw,28.7,20.1,1,1,,,,,,
409_03,6,5,Sx,9.4,9.3,4,,,,,,,
409_03,6,6,Sx,4.8,4.1,4,,,,,,,
409_03,6,7,Lw,21.8,20.7,1,1,,,,,,
409_03,6,8,Sx,13.5,13.4,3,,,,,,,
409_03,6,9,Sx,5.9,7.2,4,,,,,,,
409_03,6,10,Sx,7,8.3,4,,,,,,,
409_03,6,11,Lw,18.2,18.2,1,1,,,,,,
409_03,7,1,Lw,10.7,13.4,2,,1,,,,,
409_03,7,2,Sx,9.6,9.3,3,,,,,,,
409_03,7,3,Sx,12.7,10.9,3,,,,,,,
409_03,7,4,Lw,21.5,16.8,1,1,,,,,,
409_03,7,5,Sx,8.3,8.3,4,,,,,,,
409_03,7,6,Sx,7,8.1,4,,,,,,,
409_03,7,7,Sx,5.1,5.7,4,,,,,,,
409_03,7,8,Sx,8.1,7,4,,,,,,,
409_03,7,9,Sx,12.6,11.6,2,,,,,,,
409_03,7,10,Sx,14.1,5,4,,2,,,,,
409_03,7,11,Sx,5.7,6.6,4,,,,,,,
409_03,7,12,Sx,14.9,12.5,2,,,,,,,
409_03,7,13,Sx,4.9,7.1,4,,,,,,,
409_03,7,14,Sx,8.9,9.5,4,,,,,,,
409_03,7,15,Sx,8.4,10.6,4,,,,,,,
409_03,7,16,Pl,34.8,15.2,1,1,,,,AB,,
409_03,7,17,Lw,20.5,16.2,1,1,,,,,,
409_03,8,1,Sx,6.3,8.8,4,,,,,,,
409_03,8,2,Sx,5.7,6.9,4,,,,,,,
409_03,8,3,Lw,15.7,16.1,2,1,,,,,,
409_03,8,4,Sx,19.1,15.2,2,1,,,,,,
409_03,8,5,Sx,12.5,12.7,3,,,,,,,
409_03,8,6,Pl,12,14.3,2,1,,,,,,
409_03,8,7,Sx,9.5,7.6,3,,,,,,,
409_03,8,8,Sx,9.4,8,3,,,,,,,
409_03,8,9,Pl,22.3,15.9,2,1,,,,,,
409_03,8,10,Sx,6.2,8.7,4,,,,,,,
409_03,8,11,Sx,8.9,8,4,,,,,,,
409_03,8,12,Pl,27.2,17,1,1,,,,,,
409_03,8,13,Sx,4.7,5.1,4,,,,,,,
409_03,8,14,Pl,22.5,16,2,1,,,,,,
409_03,8,15,Lw,17.2,18.9,1,1,,,,,,
409_03,8,16,Sx,7.5,8.6,4,,,,,,,
409_03,8,17,Sx,7.2,7.8,4,,,,,,,
409_03,8,18,Sx,7,6.9,4,,1,,,,,
409_03,8,19,Ac,6,9.1,4,,,,,,,
409_03,8,20,Sx,11.6,11.4,4,,,,,,,
409_03,8,21,Sx,6.7,6.4,4,,,,,,,
409_03,8,22,Sx,4,5,4,,,,,,,
409_03,8,23,Lw,15.7,16.6,2,1,,,,,,
409_03,8,24,Sx,4.8,5.4,4,,,,,,,
409_03,8,25,Pl,22.5,16.2,2,1,,,,,,
409_03,9,1,Sx,18.1,12.8,2,1,,,,,,
409_03,9,2,Sx,19.3,12.9,2,1,,,,,,
409_03,9,3,Sx,8.9,8.1,3,,,,,,,
409_03,9,4,Sx,12.5,9.4,3,,,,,,,
409_03,9,5,Sx,11,10.5,3,,,,,,,
409_03,9,6,Lw,27.6,16.3,1,1,,,,,,
409_03,9,7,Sx,15.2,9.1,3,,,,,,,
409_03,9,8,Lw,24.3,17.7,1,1,,,,,,
409_03,9,9,Lw,7.6,9.3,3,,,,,,,
409_03,9,10,Pl,29.9,14.7,2,1,,,,DSA,DSG,
409_03,9,11,Lw,10.6,12,3,,,,,,,
409_03,9,12,Sx,10.2,9.5,3,,,,,,,
409_03,9,13,Sx,10.6,9.4,3,,3,,,,,
409_03,9,14,Pl,19.5,13.9,2,1,3,,,DSG,OK,
Carmella,1,1,Pl,14.8,10.3,1,1,,,,,,
Carmella,1,2,Ls,9.5,9.3,2,1,,,,,,
Carmella,1,3,Ls,8.3,8.5,2,1,,,4,AP - 308,,
Carmella,1,4,Ls,8.4,6.5,3,,5,3,,,,
Carmella,1,5,Bl,15.3,11.4,1,,1,,,,,
Carmella,1,6,Bl,9,9,2,,,,,,,
Carmella,1,7,Bl,7.5,6.3,3,,1,,1,,,
Carmella,1,8,Bl,11.2,9.1,2,,,,,,,
Carmella,1,9,Se,5.2,5.2,4,,,,,,,
Carmella,1,10,Pl,8.4,8.1,2,1,1,,,,,
Carmella,1,11,Pl,9.7,8.4,2,1,,,,,,
Carmella,1,12,Ac,8.6,8.3,2,,,,,,,
Carmella,1,13,Ac,8,6,3,,,,,,,
Carmella,1,14,W,6.1,5.7,3,,,,,,,
Carmella,1,15,Ac,4.5,5,4,,,3,,Lean,,
Carmella,1,16,W,5,6,3,,,,,,,
Carmella,1,17,W,4.7,5.9,3,,1,,1,,,
Carmella,1,18,Pl,8.5,8.9,2,1,,,,,,
Carmella,1,19,Pl,8.2,8.8,2,1,,,,,,
Carmella,1,20,Pl,10.8,9.6,1,1,,,,,,
Carmella ,2,1,Ls,9.4,10,2,1,1,,,,,
Carmella ,2,2,Bl,15.1,10.8,2,,frost,crust,,,,
Carmella ,2,3,Bl,4.7,4.8,4,,1,,,,,
Carmella ,2,4,Bl,5.5,5,4,,,,1,,lean,
Carmella ,2,5,Pl,10.3,9.3,2,1,,,,,,
Carmella ,2,6,Bl,11.7,9.6,2,,4,,,,,
Carmella ,2,7,Bl,7.5,7.1,3,,,,,,,
Carmella ,2,8,Se,6.8,7,3,,,,,,,
Carmella ,2,9,Se,8.8,6.7,3,,,,,,,
Carmella ,2,10,Pl,12.7,8.3,2,1,,,,,,
Carmella ,2,11,Pl,9.8,7.7,2,1,,,,,,
Carmella ,2,12,Pl,8.5,6.7,3,,,,,,,
Carmella ,2,13,Ls,13,11.1,2,1,,,,,,
Carmella ,2,14,Pl,5.3,6.5,3,,,,,,,
907_162,1,1,Lw,5.2,2.5,4,,,3,,,,
907_162,1,2,Ep,4,5.6,4,,,,,,,
907_162,1,3,Ep,4.1,5,4,,,,,,,
907_162,1,4,Lw,9.8,7.3,2,1,,,,,,
907_162,1,5,Lw,12,10.5,1,1,,,,,,
907_162,1,6,Bl,4.7,4,4,,,,,,,
907_162,1,7,Lw,10.4,7.3,2,1,,,,,,
907_162,1,8,Pl,8.4,8.6,2,1,,,,,,
907_162,1,9,Pl,10.5,8.2,2,,3,,,,,
907_162,1,10,Pl,10,8.9,2,1,,,,,,
907_162,1,11,Pl,11.7,9.4,2,1,,,,DSS,,
907_162,1,12,Pl,12,9.2,2,1,,,,,,
907_162,1,13,Pl,12.3,9,2,1,3,,,DSG/DSS,IBM,
907_162,1,14,Lw,5.4,5.5,4,,,,,,,
907_162,1,15,Pl,11.3,9.7,2,1,,,,IBM,,
907_162,1,16,Lw,5,6.1,3,,,,,,,
907_162,1,17,Pl,14.9,10.2,2,1,,,,,,
907_162,1,18,Lw,12.3,10.4,2,1,,,,,,
907_162,2,1,Lw,9.1,8.2,2,1,,,,,,
907_162,2,2,Lw,5.9,4.8,3,,,,,,,
907_162,2,3,Pl,14,8.5,2,1,,,,,,
907_162,2,4,Pl,12.3,8.8,2,1,,,,DSS,IBM-G,
907_162,2,5,Pl,10.7,7.3,2,1,,,,,IBM-G,
907_162,2,6,Lw,7,6.5,2,,,,,,,
907_162,2,7,Lw,5.5,4.9,3,,,,,,,
907_162,3,1,Lw,7.5,5.7,2,1,,,,,,
907_162,3,2,Lw,10,6.4,2,1,,,,,,
907_162,3,3,Ls,7.2,2,3,,,1,,,,
907_162,4,1,Pl,10,8.3,2,1,,,,,,
907_162,4,2,Pl,7.2,7.3,3,,,,,,,
907_162,4,3,Pl,4.7,5.1,3,,,3,,,,
907_162,4,4,Pw,6.1,4.6,3,,,,1,,,
907_162,4,5,Pl,4.9,4.2,3,,,,,DSC,,
907_162,4,6,Lw,9.2,8.8,2,1,,,,,,
907_162,4,7,Lw,9.9,8.6,2,1,,,,,,
907_162,4,8,Lw,10.8,9.2,2,1,,,,,,
907_162,4,9,Pl,6,5.6,3,,,,,DSC,,
907_162,4,10,Lw,6.6,6.8,3,,,,,,,
907_162,5,1,Pl,11.4,9.9,2,1,2,,,DSA,,
907_162,5,2,Pl,14.5,10.3,2,1,,,,,,
907_162,5,3,Lw,9.9,8.8,2,1,,,,,,
907_162,5,4,Ep,5,3,4,,,2,,,,
907_162,5,5,Ep,8,7.4,3,,3,,1,,,
907_162,5,6,Lw,7.5,8.2,2,1,3,,,,ok,
907_162,5,7,Lw,13.8,11.1,2,1,,,,,,
907_162,5,8,Ls,10.4,9.5,2,,,,,,,
907_162,5,9,Ep,7.1,7.1,3,,,,,,,
907_162,5,10,Ep,4.3,5.4,3,,2,,,,,
907_162,5,11,Ls,9,8.4,2,,,,,,,
907_162,5,12,Bl,4.1,3.6,4,,,,,,,
907_162,5,13,Lw,5.1,6.6,3,,,,,,,
907_162,5,14,Ep,4.2,6.5,3,,,,,,,
907_162,6,1,Pl,10.3,9.3,3,,3,,,,,
907_162,6,2,Pl,13.5,10.8,2,1,,,,DSS,,
907_162,6,3,Ep,4.9,6.4,3,,,,,,,
907_162,6,4,Lw,6.4,6.6,3,,,,,,,
907_162,6,5,Pl,13.3,10,2,1,,,,DSG,,
907_162,6,6,Bl,6.6,6.2,3,,,,,,,
907_162,6,7,Ep,5.2,7,3,,,,,,,
907_162,6,8,Sx,5.4,5.1,3,,,,,,,
907_162,6,9,Lw,7.6,8.2,2,1,,,,,,
907_162,6,10,Lw,8.4,8,2,1,,,,,,
907_162,6,11,Lw,7,7.6,3,,,,,,,
907_162,6,12,Lw,12.8,9.1,2,1,,,,,,
907_162,6,13,Lw,6.5,7.7,3,,,,,,,
907_162,7,1,Lw,8.2,7.1,2,1,,,,,,
907_162,7,2,Lw,8.5,8,2,1,,,,,,
907_162,7,3,Pl,12.6,9.7,1,1,,,,DSS,IBM,
907_162,7,4,Ls,5.9,5.3,3,,,,,DSG,,
907_162,7,5,Pl,11.6,10,1,1,5,,,,ok,
907_162,7,6,Pl,10.2,9.4,2,1,,,,DSG,,
907_162,7,7,Pl,9.4,8.9,2,1,,,,,,
907_162,7,8,Pl,7.5,8.9,2,1,,,,,,
907_162,7,9,Pl,10.5,8.6,2,1,,,,IBM,DSS,
907_162,7,10,Pl,6.5,7.8,3,,,,,,,
907_162,7,11,Pl,11.4,8.5,2,1,3,,,,,
907_162,7,12,Lw,5,5.4,3,,,,,,,
907_162,7,13,Bl,5.9,3.3,4,,2,,,,,
907_162,7,14,Ls,6.9,7.4,3,,,,,,,
907_162,8,1,Lw,13.3,10.6,2,1,,,,,,
907_162,8,2,Ep,8.2,7.5,3,,,,,,,
907_162,8,3,Lw,12.2,11.3,2,1,,,,,,
907_162,8,4,Pl,18,11.4,2,1,2,,,DSS,ok,
907_162,8,5,Ep,4.8,5.5,4,,,,,,,
907_162,8,6,Pl,8,8,3,,,,,,,
907_162,8,7,Lw,8.5,8.1,3,,,,,,,
907_162,8,8,Pl,8.1,8.7,3,,,,,,,
907_162,8,9,Pl,7.3,7.3,3,,,,,DSS,,
Crkscrw_200,1,1,Lw,32.2,10,,1,,,,F1 lead damaged,,
Crkscrw_200,1,2,Lw,24,12.7,,1,,,,,,
Crkscrw_200,1,3,Lw,21.3,12.1,,1,,,,,,
Crkscrw_200,2,1,Pl,16.7,9.7,,1,,,,,,
Crkscrw_200,2,2,Lw,15.7,10.2,,1,,,,,,Core bark and 19' growth missing 
Crkscrw_200,2,3,Pl,10.4,8.8,,,,,,,,
Crkscrw_200,2,4,Lw,17.2,11.6,,1,,,,,,
Crkscrw_200,2,5,Sx,16.8,10,,,,,,,,
Crkscrw_200,3,1,Lw,22.8,11.7,,1,,,,,,
Crkscrw_200,3,2,Lw,22.5,12.5,,1,,,,,,Core broken 
Crkscrw_200,4,1,Lw,20.7,13.8,,1,,,,,,
Crkscrw_200,4,2,Lw,19.2,12.5,,1,,,,,,
Crkscrw_200,4,3,Lw,9.4,9.9,3,,,,,Intermediate,,
Crkscrw_200,4,4,Lw,24.7,12.9,,1,,,,,,
Crkscrw_200,5,1,Lw,22.1,13,,1,,,,,,
Crkscrw_200,5,2,Pl,12.2,8.2,,,,,,,,
Crkscrw_200,5,3,Lw,10.9,8.6,3,,,,,Intermediate,,
Crkscrw_200,5,4,Lw,20.4,12.4,,1,,,,,,
Crkscrw_200,5,5,Lw,16.5,11.8,,1,,,,,,
Crkscrw_200,6,1,Lw,26.4,14.3,,1,,,,,,
Crkscrw_200,6,2,Lw,30.4,15.1,,1,,,,,,
Crkscrw_200,6,3,Lw,31.1,15.2,,1,,,,,,
Crkscrw_200,7,1,Lw,19.1,13.4,,1,,,,,,
Crkscrw_200,7,2,Lw,16.1,12.3,,1,,,,,,Core Broken 
Crkscrw_200,7,3,Lw,21.2,16.3,,1,,,,,,
Crkscrw_200,7,4,Lw,15.9,15,,1,,,,,,
Crkscrw_200,7,5,Lw,18,16.2,,1,,,,,,
Crkscrw_200,7,6,Lw,19.9,14,,1,,,,,,
Crkscrw_200,7,7,Sx,9.2,7.2,3,,,,,,,Crown class assigned in office
Crkscrw_200,7,8,Lw,17.5,12.5,,,,,,,,
Crkscrw_200,7,9,Lw,15.5,14.1,,,,,,,,
Crkscrw_200,8,1,Pl,16.2,11.4,,1,,,,,,
Crkscrw_200,8,2,Pl,19.9,10.2,,1,,,,,,
Crkscrw_200,8,3,Pl,15.5,8,,1,,,,,,
Crkscrw_200,8,4,Pl,20,11.1,,1,,,,,,
Crkscrw_200,8,5,Pl,16.2,11.4,,1,,,,"Dead fork, br/stem gall ",,
Crkscrw_200,9,1,Pl,19.9,13.8,,1,,,,,,
Crkscrw_200,9,2,Pl,22.9,13.1,,1,,,,Sus. Atropelis ,,Core Broken 
Crkscrw_200,9,3,Pl,15.4,10.8,,1,,,,,,
Crkscrw_200,9,4,Pl,17.5,11.5,,1,,,,,,
Crkscrw_200,9,5,Pl,20.4,13.3,,1,,,,,,
Crkscrw_200,9,6,Pl,17.5,14.5,,1,,,,,,
Crkscrw_200,10,1,Pl,16.6,13.4,,1,,,,,,
Crkscrw_200,10,2,Pl,11.9,13.3,,1,,,,,,
Crkscrw_200,10,3,Pl,22.1,11.2,,,,,,2x stem gall ~25%,,
Crkscrw_200,10,4,Pl,19.2,13.6,,1,,,,,,
Crkscrw_200,10,5,Pl,11.6,11.9,,,,,,,,
Crkscrw_200,10,6,Pl,17.3,13.3,,1,,,,,,
Crkscrw_200,10,7,Pl,14.6,12.7,,,,,,,,
CP3a_BLK7,1,1,Lw,18.1,13.4,,1,,,,,,
CP3a_BLK7,1,2,Lw,13.1,10.7,,1,,,,,,Core bark missing
CP3a_BLK7,1,3,Lw,22.4,14.3,,1,,,,,,Broken core
CP3a_BLK7,1,4,Lw,10,11.3,,1,,,,,,Broken core
CP3a_BLK7,1,5,Lw,15.2,12.9,,1,,,,,,Broken core
CP3a_BLK7,1,6,Lw,8.7,NA,4,,,,,Heavy lean ,,
CP3a_BLK7,2,1,Lw,15.9,11.4,,1,,,,,,
CP3a_BLK7,2,2,Lw,7.7,9.1,,1,,,,,,Adjacent to opening 
CP3a_BLK7,2,3,Lw,16.2,12.3,,1,,,,,,
CP3a_BLK7,2,4,Bl,16.4,11.6,,,,,,,,
CP3a_BLK7,2,5,Lw,19.4,13.7,,1,,,,,,
CP3a_BLK7,2,6,Lw,11.1,10.4,,1,,,,Crook @ base,,
CP3a_BLK7,3,1,Lw,15,12.3,,1,,,,,,
CP3a_BLK7,3,2,Lw,13.9,11.2,,1,,,,,,
CP3a_BLK7,3,3,Lw,7,6.8,,,,,,,,<7.5 DBH
CP3a_BLK7,3,4,Lw,19.2,13,,1,,,,,,
CP3a_BLK7,4,1,Lw,22,16.2,,1,,,,,,
CP3a_BLK7,4,2,Lw,21.6,15.4,,1,,,,,,Broken core
CP3a_BLK7,4,3,Lw,6.3,NA,4,,,,,Heavy lean ,,CHECK: shouldnt have been included <7.5 DBH
CP3a_BLK7,4,4,Lw,14.1,12.6,,1,,,,,,
CP3a_BLK7,4,5,Lw,15.3,NA,4,,,,,,,
CP3a_BLK7,4,6,Lw,9.6,NA,4,,,,,,,
CP3a_BLK7,4,7,Lw,16.1,NA,4,,,,,,,
CP3a_BLK7,5,1,Py,21.5,10.5,,1,,,,,,
CP3a_BLK7,5,2,Py,9,NA,4,,,,,Heavy lean ,,
CP3a_BLK7,5,3,Pl,13.2,10.3,,1,,,,,,Core bark & 19' growth missing
CP3a_BLK7,5,4,Py,15.7,9,,1,,,,,,
CP3a_BLK7,5,5,Sx,9,NA,4,,,,,,,
CP3a_BLK7,5,6,Py,12.3,7.9,,1,,,,,,
CP3a_BLK7,5,7,Py,17.6,9.5,,1,,,,,,
CP3a_BLK7,6,1,Py,20.2,10.9,,1,,,,,,
CP3a_BLK7,6,2,Py,14.7,9.4,,1,,,,,,
CP3a_BLK7,6,3,Py,16.2,9.1,,1,,,,Old fork @ 1.5m,,
CP3a_BLK7,6,4,Pl,14.1,10.7,,1,,,,,,Core bark missing
CP3a_BLK7,6,5,Py,10.8,6.8,3,1,,,,Mild sweep @ base,,
CP3a_BLK7,6,6,Pl,12.7,10.2,,1,,,,,,
CP3a_BLK7,6,7,Pl,15.3,10.4,,1,,,,Forked,,
CP3a_BLK7,6,8,Py,14,10.3,,1,,,,,,
CP3a_BLK7,6,9,Pl,13.8,11.1,,1,,,,,,
CP3a_BLK7,6,10,Py,13.9,8.6,,1,,,,,,
CP3a_BLK7,7,1,Py,13.3,9.6,,1,,,,,,
CP3a_BLK7,7,2,Py,16.2,10.1,,1,,,,,,
CP3a_BLK7,7,3,Pl,10.2,10.2,,,,,,,,
CP3a_BLK7,7,4,Pl,9.6,10.7,,,,,,,,
CP3a_BLK7,7,5,Py,15.6,10.4,,1,,,,,,
CP3a_BLK7,7,6,Py,7.8,8.8,,,,,,,,
CP3a_BLK7,7,7,Py,11.5,8.6,,1,,,,,,
CP3a_BLK7,7,8,Py,15.9,9.1,,1,,,,,,
CP3a_BLK7,7,9,Pl,15.4,10.9,,1,,,,,,Core in small straw
83D75-20,1,1,Ep,11.8,14.7,3,,5,,,,,
83D75-20,1,2,Ep,7,10.2,3,,5,,,,,
83D75-20,1,3,Lw,21.7,16.2,2,1,,,,,,
83D75-20,1,4,Lw,14.5,15.4,2,1,,,,,,
83D75-20,1,5,Pl,15.4,15.5,2,1,,,,DSS,,
83D75-20,1,6,Lw,22.9,18,1,1,,,,,,
83D75-20,1,7,Sx,10.3,9.6,4,,,,,,,
83D75-20,1,8,Lw,16.7,16.2,2,1,,,,,,
83D75-20,1,9,Lw,14.4,15.5,2,1,1,,,,,
83D75-20,1,10,Lw,10,12.8,3,,,,,,,
83D75-20,1,11,Lw,18.9,16.3,2,1,,,,,,
83D75-20,1,12,Lw,23.2,17.9,1,1,,,,,,
83D75-20,2,1,Lw,12.4,12.2,3,,,,,,,
83D75-20,2,2,Hw,9.5,9,3,,,,,,,
83D75-20,2,3,Lw,16.4,15.5,2,1,,,,,,
83D75-20,2,4,Lw,18.4,17,1,1,,,,,,
83D75-20,2,5,Lw,19,17.8,2,1,,,,,,
83D75-20,2,6,Lw,28.2,19.7,1,1,,,,,,
83D75-20,2,7,Cw,6.3,5,4,,,,,,,
83D75-20,2,8,Ep,6.2,10,3,,,,,,,
83D75-20,2,9,Lw,20.2,17.3,2,1,,,,,,
83D75-20,2,10,Cw,12.5,9.3,4,,,,,,,
83D75-20,2,11,Sx,8,5,4,,,,,,,
83D75-20,2,12,Sx,6.5,5.8,4,,,,,,,
83D75-20,2,13,Lw,21,16.7,2,1,,,,,,
83D75-20,2,14,Lw,14.9,12.5,3,1,,,,,,
83D75-20,3,1,Pl,18.9,20.9,1,1,,,,,,
83D75-20,3,2,Pl,6.1,8.7,4,,,,,,,
83D75-20,3,3,Pl,16.9,16.8,2,1,,,,,,
83D75-20,3,4,Lw,6.8,8.7,4,,,,,,,
83D75-20,3,5,Ep,5.8,8.2,4,,1,,,,,
83D75-20,3,6,Pl,17,17.3,2,1,,,,,,
83D75-20,3,7,Pl,18,16.4,2,1,,,,,,
83D75-20,3,8,Pl,4.8,7.7,4,,,3,,,,
83D75-20,3,9,Pl,13.5,13.8,3,,,,,,,
83D75-20,3,10,Pl,9.1,11.5,3,,,,,,,
83D75-20,3,11,Pl,16,17,2,1,,,,,,
83D75-20,3,12,Pl,15.3,14.5,3,,,,,,,
83D75-20,4,1,Pl,9.2,12.1,3,,,,,,,
83D75-20,4,2,Pl,17.7,17.4,2,1,,,,,,
83D75-20,4,3,Pl,19.3,18.6,2,1,,,,,,
83D75-20,4,4,Lw,22.8,15.1,2,1,,,,,,
83D75-20,4,5,Lw,17.6,13.1,2,1,,,,,,
83D75-20,5,1,Pl,18.9,18,2,1,,,,,,
83D75-20,5,2,Pl,22.1,17.9,2,1,,,1,,,
83D75-20,5,3,Lw,19.5,18.1,2,1,,,,,,
83D75-20,5,4,Lw,22.9,20.1,1,1,,,,,,
83D75-20,5,5,Pl,12.5,16.2,2,1,,,1,,,
83D75-20,5,6,Pl,13.5,17,2,1,,,,,,
83D75-20,5,7,Pl,11,16.5,2,1,,,,,,
83D75-20,5,8,Pl,18.2,17.6,2,1,,,,,,
83D75-20,5,9,Lw,22.7,19.2,2,1,,,,,,
83D75-20,5,10,Fd,5.6,6.3,4,,,,,,,
83D75-20,5,11,Fd,5,5.3,4,,,,,,,
83D75-20,5,12,Ep,4.5,9.3,4,,,,,,,
83D75-20,5,13,Sx,5,4,4,,,,,,,
83D75-20,5,14,Ep,5,8.8,4,,,,,,,
83D75-20,5,15,Ep,5.8,8,4,,,,,,,
83D75-20,5,16,Lw,6.6,8.3,4,,,,,,,
83D75-20,5,17,Ep,6.4,9.8,4,,,,,,,
83D75-20,6,1,Pl,20.8,18.8,2,1,,,,DSA,,
83D75-20,6,2,Pl,21.2,19.7,2,1,,,,DSA,,
83D75-20,6,3,Pl,22.5,17.8,2,1,,,,IBM green,,
83D75-20,6,4,Pl,16.5,17.3,2,1,,,,,,
83D75-20,6,5,Pl,14.5,17.3,2,1,2,,,,,
83D75-20,6,6,Pl,11.8,16.5,2,,3,,,,,
83D75-20,6,7,Lw,21.8,20,1,1,,,,,,
83D75-20,6,8,Lw,18,16.4,2,1,,,,,,
83D75-20,6,9,Pl,23.5,18.2,2,1,,,,,,
83D75-20,6,10,Ep,5,6.3,4,,,,,,,
83D75-20,6,11,Ep,5.4,8.6,4,,,,,,,
83D75-20,6,12,Ep,4.1,8.2,4,,,,,,,
83D75-20,6,13,Ep,4.3,5.4,4,1,,,,,,
160_D23,1,1,Lw,13.5,10.1,2,,,,,,,
160_D23,1,2,Lw,15.7,11.3,2,,,,,,,
160_D23,1,3,Pl,9.8,9,2,,,,,,,
160_D23,1,4,Lw,14.2,12.1,1,,,,,,,
160_D23,1,5,Lw,13.5,11.2,2,,,,,,,
160_D23,1,6,Lw,12.4,9,2,,,,,,,
160_D23,1,7,Pl,14.8,10.4,2,,,,,,,
160_D23,1,8,Lw,11.7,9.8,2,,,,,,,
160_D23,1,9,Pl,8.5,7.8,3,,,,,,,
160_D23,1,10,Ep,4.5,6.8,3,,,,,,,
160_D23,1,11,Sx,7,6.2,3,,,,,,,
160_D23,1,12,Ep,4.9,7.1,3,,,,,,,
160_D23,1,13,Ep,5,7.3,3,,,,,,,
160_D23,1,14,Ep,4.6,7.3,3,,,,,,,
160_D23,1,15,Ep,5.9,7.7,3,,,,,,,
160_D23,1,16,Ep,6.7,7.9,3,,,,,,,
160_D23,1,17,Ep,6.2,9.3,2,,,,,,,
160_D23,1,18,Sx,4.4,4.5,4,,,,,,,
160_D23,1,19,Sx,7.5,5.8,4,,,,,,,
160_D23,1,20,Ep,4.5,6.7,3,,,,,,,
160_D23,1,21,Ep,4.5,7,3,,,,,,,
160_D23,2,1,Pl,11.3,7.6,2,1,,,,,,
160_D23,2,2,Lw,12.9,8.7,2,1,,,,,,
160_D23,2,3,Pl,8.3,8.1,2,1,,,,,,
160_D23,2,4,Lw,11.8,9.3,1,1,,,,,,
160_D23,2,5,Pl,10.5,8.1,2,1,,,,,,
160_D23,2,6,Pl,8.4,7.8,2,1,,,,,,
160_D23,2,7,Pl,5,6.4,3,,,,,,,
160_D23,2,8,Pl,4.3,6.3,3,,,,,,,
160_D23,2,9,Pl,5.6,6.6,3,,,,,,,
160_D23,2,10,Lw,6.9,6.9,3,,,,,,,
160_D23,2,11,Pl,7.6,6.8,2,,,,,,,
160_D23,2,12,Pl,7,6.9,2,,,,,,,
160_D23,2,13,Pl,5.8,5.4,3,,,,,,,
160_D23,2,14,Pl,8.2,7.1,2,1,,,,,,
160_D23,2,15,Pl,5.4,6.8,2,,,,,,,
160_D23,2,16,Fd,5,4.5,4,,,,,,,
160_D23,2,17,Lw,5.4,6.1,3,,,,,,,
160_D23,2,18,Lw,7.5,7.2,2,,,,,,,
160_D23,2,19,Pl,6.7,6.9,3,,,,,,,
160_D23,2,20,Fd,7,6.4,3,,,,,,,
160_D23,3,1,Pl,10.9,8.5,2,1,,,,,,
160_D23,3,2,Pl,8,7.7,2,1,,,,,,
160_D23,3,3,Lw,10.1,8.2,2,1,,,,,,
160_D23,3,4,Pl,10.4,7.3,2,1,,,,,,
160_D23,3,5,Lw,11.6,9.2,1,1,,,,,,
160_D23,3,6,Lw,9,8.2,2,1,,,,,,
160_D23,3,7,Fd,9.5,7.2,3,,,,,,,
160_D23,3,8,Fd,4.6,4.9,4,,,,,,,
160_D23,3,9,At,4.3,6,3,,,,,,,
160_D23,3,10,Lw,7.1,7,3,,,,,,,
160_D23,3,11,Sx,4.1,4.6,4,,,,,,,
160_D23,4,1,Lw,13.3,9.5,2,1,,,,,,
160_D23,4,2,Pl,9.6,8.2,2,1,,,,,,
160_D23,4,3,Lw,9.5,8.9,2,1,,,,,,
160_D23,4,4,Lw,12.5,10.9,2,1,,,,,,
160_D23,4,5,Pl,8,7.6,2,1,,,,,,
160_D23,4,6,Ep,5,5.4,3,,,,,,,
160_D23,4,7,Fd,6.9,7.4,3,,,,,,,
160_D23,4,8,Lw,7.2,6.2,3,,,,,,,
160_D23,4,9,Pl,5.9,6.7,3,,,,,,,
160_D23,4,10,Ep,7.3,8.4,2,,,,,,,
160_D23,5,1,Pl,10.5,9,2,1,,,,,,
160_D23,5,2,Pl,13.8,8.7,2,1,,,,,,
160_D23,5,3,Pl,10.7,9.3,2,1,,,,,,
160_D23,5,4,Sx,5.6,5.3,4,,,,,,,
160_D23,5,5,Ep,6.1,6.6,3,,,,,,,
160_D23,5,6,Ep,5.1,5.8,3,,,,,,,
160_D23,5,7,Sx,5.5,4.9,4,,,,,,,
160_D23,5,8,Ep,4.8,6.9,3,,,,,,,
160_D23,5,9,Ep,4.6,6.1,4,,,,,,,
160_D23,5,10,Ep,5.4,7.7,3,,,,,,,
160_D23,5,11,Sx,6.1,5.8,3,,,,,,,
160_D23,6,1,Pl,11.6,8.7,2,1,,,,,,
160_D23,6,2,Pl,9,7.3,2,1,,,,DSG,,
160_D23,6,3,Pl,12.1,7.6,2,1,,,,,,
160_D23,6,4,Fd,4.5,3.9,4,,,,,,,
160_D23,7,1,Lw,14.9,12.8,2,1,,,,,,
160_D23,7,2,Lw,12,11.2,2,1,,,,,,
160_D23,7,3,Lw,17,13.3,2,1,,,,,,
160_D23,7,4,Lw,17.3,13.3,2,1,,,,,,
160_D23,7,5,Lw,17,12.6,2,1,,,,,,
160_D23,7,6,Pl,7.7,9.6,2,1,,,,,,
160_D23,7,7,Lw,10.7,9.2,2,,,,,,,
160_D23,7,8,Ep,4,6.9,3,,,,,,,
160_D23,7,9,Sx,8.2,8.2,3,,,,,,,
160_D23,7,10,Ep,4.7,8.2,3,,,,,,,
160_D23,7,11,Ep,5,9.3,3,,,,,,,
160_D23,7,12,Ep,4,7.5,3,,,,,,,
160_D23,8,1,Lw,12.4,10.7,2,1,,,,,,
160_D23,8,2,Pl,16.9,11.8,2,1,,,,,,
160_D23,8,3,Lw,5.9,6.8,3,,,,,,,
160_D23,8,4,Lw,4.8,5.5,3,,,,,,,
160_D23,8,5,Lw,9.3,8.4,3,,,,,,,
160_D23,8,6,Ep,6,7.1,3,,,,,,,
160_D23,8,7,Bl,5.9,4.7,4,,,,,,,
160_D23,8,8,Ep,4.4,5.7,4,,,,,,,
160_D23,8,9,Lw,8.5,8.2,3,,,,,,,
160_D23,8,10,Sx,8.2,4.8,4,,,,,,,
160_D23,8,11,Sx,5.2,4,4,,,,,,,
160_D23,8,12,Bl,4.7,4.7,4,,,,,,,
